,count,flashtext (with span-info),flashtext,flashtext2 (with span-info),flashtext2
0,0,0.008614607999334112,0.00861086999066174,0.000981130011496134,0.0008017939981073141
1,1000,0.010496928007341921,0.010637130006216466,0.0022664410062134266,0.002034125995123759
2,2000,0.01118700199003797,0.01110726200568024,0.002393949995166622,0.0022035419970052317
3,3000,0.01141389699478168,0.007442499001626857,0.002396164010860957,0.002115508003043942
4,4000,0.00755794599535875,0.007327273007831536,0.002560241991886869,0.002049344009719789
5,5000,0.0076725499966414645,0.0074601619999157265,0.002529694000259042,0.0021541610040003434
6,6000,0.0077861539903096855,0.00757640998926945,0.002732685999944806,0.0022582649980904534
7,7000,0.008063093002419919,0.00798479600052815,0.003048337996006012,0.0025705010048113763
8,8000,0.00841593398945406,0.008325004004291259,0.003355794004164636,0.002773792002699338
9,9000,0.008660153005621396,0.008560987000237219,0.003376602995558642,0.0031655169877922162
10,10000,0.00928106700303033,0.009251181007130072,0.003516605996992439,0.0031362320005428046
11,11000,0.009024236002005637,0.00924849598959554,0.0037944069918012246,0.0034484479983802885
12,12000,0.009566371998516843,0.00943493600061629,0.004018325998913497,0.0036251490091672167
13,13000,0.009489888994721696,0.009631655004341155,0.004109657995286398,0.0038622330030193552
14,14000,0.010389065006165765,0.010770499997306615,0.00434827599383425,0.003996807005023584
15,15000,0.010284079005941749,0.010358208004618064,0.004454395006177947,0.004080563012394123
16,16000,0.011207039991859347,0.03394706000108272,0.004369084999780171,0.0038096250063972548
17,17000,0.010018189990660176,0.010533705994021147,0.004376437995233573,0.00393774600524921
18,18000,0.009807084003114142,0.010049197997432202,0.004351822004537098,0.00382651700056158
19,19000,0.009714108993648551,0.010303083996404894,0.004163669989793561,0.003821346996119246
20,20000,0.010584581992588937,0.010818430993822403,0.004391376001876779,0.004189227009192109
21,21000,0.010602295005810447,0.011095049005234614,0.004849063989240676,0.004257695996784605
22,22000,0.010842827003216371,0.010712552000768483,0.00491265399614349,0.004398940000100993
23,23000,0.011561314007849433,0.012419172999216244,0.005053649001638405,0.004805142001714557
24,24000,0.011611647991230711,0.011594116003834642,0.005161660999874584,0.004807737001101486
25,25000,0.011629221000475809,0.012317733009695075,0.005554667994147167,0.004961175000062212
26,26000,0.010741536010755226,0.011058340998715721,0.005326950995367952,0.004852331010624766
27,27000,0.011901721998583525,0.011701978000928648,0.005589734006207436,0.005287165986374021
28,28000,0.011917622003238648,0.012611995000042953,0.0060110940103186294,0.005348781996872276
29,29000,0.012363239002297632,0.012806348997401074,0.005843190010637045,0.005366365003283136
30,30000,0.011509115996886976,0.012237853006809019,0.005511065988685004,0.005128409000462852
31,31000,0.01204050199885387,0.01248383498750627,0.006003971007885411,0.005536723998375237
32,32000,0.012243122997460887,0.01301695400616154,0.0059024410002166405,0.005483355009346269
33,33000,0.012488122010836378,0.012258381000719965,0.005825776010169648,0.005187889997614548
34,34000,0.011968647988396697,0.011809811010607518,0.005749682997702621,0.005328304003342055
35,35000,0.012259964001714252,0.01207971699477639,0.0058201560023007914,0.005267029002425261
36,36000,0.011843783999211155,0.012077371997293085,0.006043726010830142,0.005379109003115445
37,37000,0.012288388010347262,0.015371790999779478,0.0063989919872256,0.0064815259975148365
38,38000,0.012212184999953024,0.012108961003832519,0.006484982994152233,0.005458207000629045
39,39000,0.015088770000147633,0.014477774006081745,0.0070717729977332056,0.005562213002122007
40,40000,0.012302233997615986,0.01330291100020986,0.0061584810027852654,0.005611644999589771
41,41000,0.012603458992089145,0.012958464008988813,0.0063411640003323555,0.005715639999834821
42,42000,0.012790048000169918,0.013039986995863728,0.006346342997858301,0.005907350001507439
43,43000,0.013003059008042328,0.012868787001934834,0.006379594997270033,0.005665806005708873
44,44000,0.013318219993379898,0.013275789999170229,0.006885663999128155,0.006346112000755966
45,45000,0.012744173000101,0.01316479200613685,0.0064746540010673925,0.005773138007498346
46,46000,0.013056327996309847,0.01327842500177212,0.006766681995941326,0.0059737540141213685
47,47000,0.013251454001874663,0.013229572999989614,0.006844766990980133,0.006100020997109823
48,48000,0.012792752997484058,0.013374294998357072,0.00791535600728821,0.006231507999473251
49,49000,0.01321848199586384,0.04797472100472078,0.006875275008496828,0.006070035000448115
50,50000,0.013261333006084897,0.01359775400487706,0.00693017800222151,0.006271381993428804
51,51000,0.013402668002527207,0.013482618000125512,0.006998185010161251,0.006181753997225314
52,52000,0.013146708006388508,0.04947460300172679,0.008130229005473666,0.006443644990213215
53,53000,0.013372640998568386,0.013929526001447812,0.007227915994008072,0.006459946001996286
54,54000,0.01371349100372754,0.013913276008679532,0.00812726400909014,0.006494852001196705
55,55000,0.013704694007174112,0.01393374300096184,0.007502722000936046,0.006511412997497246
56,56000,0.013779835004243068,0.014144339002086781,0.007514885001000948,0.00644220199319534
57,57000,0.013849465001840144,0.05220959299185779,0.0073783890111371875,0.006629764000535943
58,58000,0.0141620719950879,0.014269332998082973,0.007671177998417988,0.0065884670038940385
59,59000,0.014180336002027616,0.014382705005118623,0.007757279003271833,0.006654971992247738
60,60000,0.014131944990367629,0.014376865001395345,0.007886352002969943,0.006707540989737026
61,61000,0.014201757003320381,0.014573163003660738,0.0076978279976174235,0.006842232993221842
62,62000,0.014353942009620368,0.01458137900044676,0.007788047005305998,0.006789986000512727
63,63000,0.014141723993816413,0.014954337995732203,0.007979576999787241,0.006976203992962837
64,64000,0.014577901005395688,0.014758951991098002,0.0079425969888689,0.006955195000045933
65,65000,0.014754753996385261,0.01493724600004498,0.0079149149969453,0.006926992005901411
66,66000,0.014757329001440667,0.05604315298842266,0.008075214995187707,0.006966336004552431
67,67000,0.014702074011438526,0.015234673992381431,0.008159693999914452,0.007127007993403822
68,68000,0.014739243997610174,0.015173058010987006,0.008242689000326209,0.007178323998232372
69,69000,0.014869017992168665,0.015389042993774638,0.008273628001916222,0.0073494140087859705
70,70000,0.014567000995157287,0.015384304002509452,0.00841623599990271,0.0071587169950362295
71,71000,0.01515399300842546,0.05855463400075678,0.008413669987930916,0.0073453969962429255
72,72000,0.015120228999876417,0.015769446006743237,0.009443011993425898,0.007714659994235262
73,73000,0.015221088004182093,0.015738528993097134,0.008614076999947429,0.007453338999766856
74,74000,0.01544763300626073,0.05901325400918722,0.008599868990131654,0.007531355993705802
75,75000,0.015203265007585287,0.015956517003360204,0.008845750999171287,0.008208746003219858
76,76000,0.015228882999508642,0.01603482499194797,0.008788904000539333,0.007591689005494118
77,77000,0.015414370005601086,0.016015228000469506,0.008926811991841532,0.007941265008412302
78,78000,0.015393872003187425,0.016184986001462676,0.009340769000118598,0.00767373300914187
79,79000,0.015498378008487634,0.01627584699599538,0.00910530700639356,0.00779356699786149
80,80000,0.015295869001420215,0.0162577729934128,0.008899592008674517,0.007781213993439451
81,81000,0.015526761999353766,0.01634121900133323,0.009008777007693425,0.0077971440041437745
82,82000,0.015727928999694996,0.01657152100233361,0.009292339003877714,0.007872164991567843
83,83000,0.015736264002043754,0.01674556700163521,0.009145824005827308,0.007911297987448052
84,84000,0.06395021300704684,0.016614922002190724,0.009289893001550809,0.008157529999152757
85,85000,0.015927533007925376,0.016759303005528636,0.009379481998621486,0.008089352006209083
86,86000,0.016284643003018573,0.016926235999562778,0.0095483589975629,0.008352695993380621
87,87000,0.06527805399673525,0.016938749991822988,0.009487194009125233,0.00822150000021793
88,88000,0.016460362006910145,0.016981790991849266,0.009529632996418513,0.008212433007429354
89,89000,0.016443970991531387,0.017029850001563318,0.00958842399995774,0.008249792997958139
90,90000,0.016806300991447642,0.017688446008833125,0.00985283000045456,0.008201012009521946
91,91000,0.0682421230012551,0.017065546999219805,0.009738234002725221,0.008387600988498889
92,92000,0.016418373998021707,0.017196212997077964,0.029373141995165497,0.008565736003220081
93,93000,0.016550332002225332,0.017506986012449488,0.009981199997127987,0.008569522993639112
94,94000,0.016628258003038354,0.017614426993532106,0.010009533987613395,0.008507516991812736
95,95000,0.016578013004618697,0.017486668002675287,0.010072952005430125,0.008519087990862317
96,96000,0.016736670993850566,0.017680371005553752,0.010071089011034928,0.00867865800682921
97,97000,0.016508903994690627,0.01732416299637407,0.010117095996974967,0.00869411599705927
98,98000,0.017079823999665678,0.01784957900235895,0.010127654997631907,0.008712451002793387
99,99000,0.07059044700872619,0.017935540003236383,0.010334282997064292,0.008811977997538634
100,100000,0.016944269998930395,0.07250995699723717,0.010510563006391749,0.008840000999043696
101,0,0.005232142997556366,0.005259645011392422,0.000839133994304575,0.0008123139996314421
102,1000,0.006907375005539507,0.0068372240057215095,0.0019316329999128357,0.0018475749966455624
103,2000,0.007027150000794791,0.006969512003706768,0.0019845729984808713,0.0018874700035667047
104,3000,0.007303578007849865,0.007097432011505589,0.002079600002616644,0.0019097619951935485
105,4000,0.007448000003932975,0.0073288459971081465,0.0022681340051349252,0.0019960740028182045
106,5000,0.008890836004866287,0.007723115995759144,0.002429816988296807,0.0020223530009388924
107,6000,0.007706383999902755,0.007602428988320753,0.00253686799260322,0.002113173992256634
108,7000,0.0078885260008974,0.007664895994821563,0.0026655200053937733,0.0021523970062844455
109,8000,0.00817554400418885,0.008014791994355619,0.0028197189967613667,0.0023191100044641644
110,9000,0.008217221999075264,0.007907361010438763,0.0029099069943185896,0.002508033998310566
111,10000,0.008681733001139946,0.00848693800799083,0.003047304999199696,0.00251199200283736
112,11000,0.009129943995503709,0.008749941000132822,0.0032644929888192564,0.0026967679877998307
113,12000,0.008793392989900894,0.008733340000617318,0.003405827999813482,0.0027585329953581095
114,13000,0.009220834006555378,0.008953904005466029,0.003678840002976358,0.0036006739974254742
115,14000,0.009405870994669385,0.009274123993236572,0.003574394009774551,0.0032443749951198697
116,15000,0.009244789005606435,0.009036247996846214,0.0036221329937689006,0.003087320990744047
117,16000,0.00940718401398044,0.009339968004496768,0.003729825999471359,0.00336552198859863
118,17000,0.009821019993978553,0.009657153001171537,0.00396954600000754,0.0034018500009551644
119,18000,0.009798878003493883,0.010071119002532214,0.004036201004055329,0.003521293998346664
120,19000,0.010393884993391111,0.010642720997566357,0.0041702909948071465,0.00363932600885164
121,20000,0.010047445000964217,0.010106465997523628,0.004189546991256066,0.003679711007862352
122,21000,0.01019826700212434,0.010283768002409488,0.004329900999437086,0.0037896480062045157
123,22000,0.010704988002544269,0.010486047991435044,0.0043691339960787445,0.003890456006047316
124,23000,0.010405575987533666,0.01095277200511191,0.004613293000147678,0.004160743992542848
125,24000,0.010930691001703963,0.010780558994156308,0.004718329000752419,0.004071296003530733
126,25000,0.010525160003453493,0.01056123799935449,0.004603484005201608,0.004188275008345954
127,26000,0.010822587995789945,0.010876729997107759,0.004994517003069632,0.004396686999825761
128,27000,0.010899062006501481,0.011749656987376511,0.005081149996840395,0.004499648988712579
129,28000,0.011008917994331568,0.011423506002756767,0.0053496740001719445,0.004697390992077999
130,29000,0.011115898989373818,0.011409268990973942,0.005204261004109867,0.004550565005047247
131,30000,0.011288182009593584,0.011946146012633108,0.005524933003471233,0.004727937994175591
132,31000,0.011247414993704297,0.011591852002311498,0.00559255899861455,0.004793870990397409
133,32000,0.011558529004105367,0.012025453994283453,0.00570490000245627,0.004937389996484853
134,33000,0.011857049001264386,0.011956585993175395,0.005696984997484833,0.004923383996356279
135,34000,0.011751160011044703,0.012497370000346564,0.005892802000744268,0.005077101988717914
136,35000,0.011910519009688869,0.012046082993037999,0.005837178003275767,0.0051211649988545105
137,36000,0.04264671700366307,0.0121918770018965,0.006226347992196679,0.005465249996632338
138,37000,0.012330095996730961,0.012428360001649708,0.006138873999589123,0.005362879004678689
139,38000,0.012221092008985579,0.012206654995679855,0.006102466009906493,0.005490518000442535
140,39000,0.012333632999798283,0.013735532003920525,0.006366590998368338,0.0055267860007006675
141,40000,0.012171698996098712,0.012655186001211405,0.006402076993254013,0.005558175005717203
142,41000,0.01204410899663344,0.01275601499946788,0.006280159010202624,0.005467715993290767
143,42000,0.04608787100005429,0.012849229999119416,0.0065709439950296655,0.0055574630096089095
144,43000,0.012745554995490238,0.01295255399600137,0.006588737989659421,0.005557263008086011
145,44000,0.01290610599971842,0.013189668010454625,0.006941599000128917,0.005711913006962277
146,45000,0.012703786997008137,0.013161695998860523,0.006664088999968953,0.005746688999352045
147,46000,0.01314017600088846,0.013233741003205068,0.023174205009127036,0.0058365269942441955
148,47000,0.013114457004121505,0.013458002009429038,0.006841972004622221,0.005918159993598238
149,48000,0.013112232991261408,0.013429348007775843,0.007446706003975123,0.006408179004210979
150,49000,0.01298100700660143,0.013645223007188179,0.006969902009586804,0.0061584999930346385
151,50000,0.013313561008544639,0.013828486000420526,0.007032509995042346,0.006107223991421051
152,51000,0.04990636301226914,0.01372777701180894,0.007040544995106757,0.006136159005109221
153,52000,0.01353861199459061,0.013994287000969052,0.007216213998617604,0.006221669013029896
154,53000,0.013765287993010134,0.013942279998445883,0.007296544994460419,0.006309844990028068
155,54000,0.013617620003060438,0.014154748001601547,0.0082918719999725,0.006591002005734481
156,55000,0.051651036003022455,0.01415524899493903,0.007525494002038613,0.006403299994417466
157,56000,0.013971795997349545,0.014250188003643416,0.007456776002072729,0.006455418013501912
158,57000,0.013614986004540697,0.014627274998929352,0.007675425993511453,0.006589379001525231
159,58000,0.014205323008354753,0.015339519988629036,0.007602908997796476,0.006721857003867626
160,59000,0.014093152989516966,0.014540290998411365,0.007580207005958073,0.006641826999839395
161,60000,0.014107990005868487,0.014992219003033824,0.00791594700422138,0.006881577006424777
162,61000,0.014452326999162324,0.015321786995627917,0.007930835010483861,0.006716086994856596
163,62000,0.014372115998412482,0.01462819600419607,0.00784102598845493,0.00673714600270614
164,63000,0.014412420990993269,0.01484046499535907,0.008133835988701321,0.006928385002538562
165,64000,0.014550741005223244,0.014844211007584818,0.007924723002361134,0.006805433993577026
166,65000,0.014576168992789462,0.014987439994001761,0.008001196998520754,0.0069657650019507855
167,66000,0.014740676997462288,0.015180482005234808,0.00849595500039868,0.0072007349954219535
168,67000,0.014799306998611428,0.015321967002819292,0.008239795002737083,0.007148057004087605
169,68000,0.058890995002002455,0.015421895004692487,0.008324504000484012,0.007163646005210467
170,69000,0.014825806996668689,0.015238470994518138,0.008403361003729515,0.007316232004086487
171,70000,0.014824885001871735,0.01561607900657691,0.008375198012799956,0.0074386019987287
172,71000,0.015015602999483235,0.01545501699729357,0.008476568997139111,0.007291957008419558
173,72000,0.05930120400444139,0.015758356006699614,0.008726657993975095,0.007377517002169043
174,73000,0.015009131006081589,0.01584080999600701,0.008712351002031937,0.007439713997882791
175,74000,0.015590952010825276,0.01580772800662089,0.008706409993465059,0.007484437999664806
176,75000,0.06047302100341767,0.017166256002383307,0.008807259000604972,0.007576600008178502
177,76000,0.015421874995809048,0.0159755530039547,0.008835020998958498,0.007603701000334695
178,77000,0.01542149399756454,0.06330075500591192,0.008907085997634567,0.0076659879996441305
179,78000,0.015559463005047292,0.016220603007241152,0.008970574999693781,0.00794254700304009
180,79000,0.015658970005461015,0.01699301200278569,0.026082358992425725,0.0076702460064552724
181,80000,0.01590049201331567,0.016514363989699632,0.009985488999518566,0.007832490009604953
182,81000,0.015949784996337257,0.06430964700120967,0.009218470004270785,0.007805239001754671
183,82000,0.015929686996969394,0.016442027990706265,0.009197821011184715,0.00806161000218708
184,83000,0.015860698011238128,0.016780051999376155,0.009366868005599827,0.007952475993079133
185,84000,0.016266870006802492,0.017502917995443568,0.009358092007460073,0.008095805009361356
186,85000,0.016113502002554014,0.016800209996290505,0.00939631300570909,0.008056138991378248
187,86000,0.0668891950044781,0.016876743000466377,0.009587041000486352,0.008339692009030841
188,87000,0.016279392992146313,0.017039338999893516,0.0097643340122886,0.008245846009231173
189,88000,0.016355756000848487,0.017093539994675666,0.009738825989188626,0.008233132000896148
190,89000,0.01633033801044803,0.017152410990092903,0.009638247996917926,0.008400466002058238
191,90000,0.01660974300466478,0.0692429510090733,0.009652223001467064,0.008292241996969096
192,91000,0.017300738996709697,0.017361984006129205,0.027518693008460104,0.008515020992490463
193,92000,0.016677089006407186,0.017364468003506772,0.010044829003163613,0.008474122994812205
194,93000,0.0167155509989243,0.017566016991622746,0.010319674998754635,0.008653159995446913
195,94000,0.016679363005096093,0.017535248000058345,0.009976171000744216,0.0089556869934313
196,95000,0.016796331998193637,0.01753062999341637,0.009906020000926219,0.008732086993404664
197,96000,0.0167979359976016,0.017621060003875755,0.010094663011841476,0.008703304003574885
198,97000,0.016909365003812127,0.07235114001377951,0.010183139005675912,0.008743689992115833
199,98000,0.0169635859929258,0.07370977799291722,0.010244874996715225,0.008752695997827686
200,99000,0.01708583599247504,0.07327505199646112,0.010247850004816428,0.008845350006595254
201,100000,0.017447483987780288,0.0739449589891592,0.01018081500660628,0.008822638003039174
202,0,0.005193390999920666,0.005294950999086723,0.0009152970014838502,0.0008032269979594275
203,1000,0.006799052003771067,0.006828017008956522,0.001933546009240672,0.0018141930049750954
204,2000,0.007123721006792039,0.007084027005475946,0.0019925270025851205,0.0018756180070340633
205,3000,0.007308949003345333,0.007157926011132076,0.002104326995322481,0.0019174460030626506
206,4000,0.0075209770002402365,0.0072993600042536855,0.0023018369975034148,0.002019528008531779
207,5000,0.007751278011710383,0.007406952005112544,0.0023958230012794957,0.0020109619945287704
208,6000,0.008246576995588839,0.008174342001439072,0.0025662630068836734,0.002072917006444186
209,7000,0.008307861993671395,0.007911378997960128,0.002674094997928478,0.0021922919986536726
210,8000,0.008307612006319687,0.00802856800146401,0.00285308099410031,0.0022799060097895563
211,9000,0.008578590000979602,0.00820373700116761,0.00296104300650768,0.0024279429926536977
212,10000,0.008664050008519553,0.008293765000416897,0.003140529996016994,0.002692911002668552
213,11000,0.008729683002457023,0.008691451992490329,0.0032636609976179898,0.002685326006030664
214,12000,0.008899560998543166,0.008717781005543657,0.0033288229897152632,0.002763502998277545
215,13000,0.009252955002011731,0.00880606600549072,0.0035338180023245513,0.0029513259942177683
216,14000,0.009132538994890638,0.009550231989123859,0.003809534988249652,0.003025525002158247
217,15000,0.009597341006156057,0.009581851991242729,0.0036734199966304004,0.003095916996244341
218,16000,0.009566763998009264,0.009695475004264154,0.0037527289969148114,0.0031837209971854463
219,17000,0.009875382005702704,0.010360091007896699,0.003971309008193202,0.0034051170077873394
220,18000,0.009921989010763355,0.010341034998418763,0.004044686007546261,0.003592398003092967
221,19000,0.010010375001002103,0.010088111012009904,0.004225324999424629,0.0036000020045321435
222,20000,0.010212394001428038,0.010663940993254073,0.004263437003828585,0.0037008619983680546
223,21000,0.01091375999385491,0.010535920999245718,0.0044304290058789775,0.00390010500268545
224,22000,0.010365651003667153,0.010392160998890176,0.004417645002831705,0.0039028799947118387
225,23000,0.010417810000944883,0.010764299004222266,0.004679146004491486,0.0041307079955004156
226,24000,0.010544056000071578,0.010811336993356235,0.004636956000467762,0.004297630992368795
227,25000,0.011211388002266176,0.01084120299492497,0.004979580000508577,0.004232277991832234
228,26000,0.01130675598687958,0.011118003007140942,0.005021058008424006,0.004372822004370391
229,27000,0.011179617999005131,0.011127360005048104,0.00517628900706768,0.004528202989604324
230,28000,0.011669586994685233,0.01144219099660404,0.005287357009365223,0.004585681002936326
231,29000,0.011541747007868253,0.011608412009081803,0.0054112490033730865,0.0046184319944586605
232,30000,0.011535825993632898,0.011678334005409852,0.005434042002889328,0.004837011991185136
233,31000,0.011776388011639938,0.011685726989526302,0.00543526399997063,0.0047759479930391535
234,32000,0.011923763988306746,0.011791655997512862,0.005639126989990473,0.005141784000443295
235,33000,0.01160993600205984,0.01208206100272946,0.0056839909957489,0.00495421199593693
236,34000,0.011643607998848893,0.011971583997365087,0.006265560994506814,0.005032489003497176
237,35000,0.04281868900579866,0.01211957099440042,0.00593555199156981,0.005251770009635948
238,36000,0.01201740000396967,0.012443108003935777,0.006059114006347954,0.005189041999983601
239,37000,0.012184803010313772,0.012871721992269158,0.006183165998663753,0.005395879998104647
240,38000,0.012223395999171771,0.012783486003172584,0.00627705299120862,0.005341317999409512
241,39000,0.012626170995645225,0.013069903012365103,0.006381548999343067,0.005405597999924794
242,40000,0.012590614991495386,0.012501086996053346,0.006288805001531728,0.005465330003062263
243,41000,0.012713635005638935,0.012712783995084465,0.006220957002369687,0.005465351001475938
244,42000,0.0125255430029938,0.01310153299709782,0.006380317005096003,0.005552745002205484
245,43000,0.012650948003283702,0.013240824002423324,0.006405414009350352,0.005631431995425373
246,44000,0.01274978299625218,0.013327748005394824,0.006555625004693866,0.005703005997929722
247,45000,0.012996546007343568,0.013245864000055008,0.006717669995850883,0.005841485995915718
248,46000,0.012896968997665681,0.013494158993125893,0.006671854003798217,0.005828461988130584
249,47000,0.012995714991120622,0.013480714987963438,0.007112570005119778,0.0061602940113516524
250,48000,0.013363595004193485,0.013577114994404837,0.006865116010885686,0.005975556996418163
251,49000,0.013418176007689908,0.013699193994398229,0.022986062002019025,0.006009360993630253
252,50000,0.013543703011237085,0.01368549800827168,0.007049150997772813,0.006065786990802735
253,51000,0.013362382000195794,0.014087502000620589,0.007155108993174508,0.006158511008834466
254,52000,0.013653116999194026,0.052295434012194164,0.007151163008529693,0.006184839992783964
255,53000,0.013887816996430047,0.014033761006430723,0.007231383002363145,0.00628253300965298
256,54000,0.013712108004256152,0.014503953003440984,0.007422210997901857,0.0064122869953280315
257,55000,0.01404567300050985,0.01437117399473209,0.007472414989024401,0.006386548004229553
258,56000,0.013878289988497272,0.014486950996797532,0.00743219000287354,0.006459304990130477
259,57000,0.014069038006709889,0.015279668004950508,0.024135348008712754,0.006553010010975413
260,58000,0.014003274001879618,0.014778637996641919,0.0076227770041441545,0.006658509009866975
261,59000,0.014195565003319643,0.014755274998606183,0.0075757190061267465,0.006598545995075256
262,60000,0.014563906006515026,0.014727562011103146,0.007820487997378223,0.006721126002958044
263,61000,0.014436006007599644,0.015059725992614403,0.007847879998735152,0.006793912994908169
264,62000,0.014215552000678144,0.01507559500169009,0.008019079992664047,0.0069925950083415955
265,63000,0.014458157995250076,0.01500792799924966,0.007990836995304562,0.0068830400123260915
266,64000,0.014409244991838932,0.015035029005957767,0.008473002002574503,0.006871928999316879
267,65000,0.014408343995455652,0.015208084005280398,0.008172216999810189,0.007015287992544472
268,66000,0.014997247999417596,0.015267044000211172,0.024707802003831603,0.007108803009032272
269,67000,0.0575246509979479,0.015517312989686616,0.008286092008347623,0.007188631992903538
270,68000,0.015017365993116982,0.015559773004497401,0.008408931011217646,0.007281316997250542
271,69000,0.014967752998927608,0.015526501010754146,0.008340864005731419,0.007200093998108059
272,70000,0.015299395003239624,0.015884663007454947,0.008557319990359247,0.007273873008671217
273,71000,0.015204786992399022,0.06037784299405757,0.008481427998049185,0.00734631899103988
274,72000,0.015330522990552709,0.01566777600964997,0.00901843399333302,0.007355364999966696
275,73000,0.015228371994453482,0.01587190899590496,0.008563791998312809,0.007388737998553552
276,74000,0.01535447800415568,0.01590477100398857,0.027803837991086766,0.007468748997780494
277,75000,0.015523736001341604,0.016096520004794,0.008739080003579147,0.007586109000840224
278,76000,0.015677513991249725,0.01639542100019753,0.008998498000437394,0.00757301299017854
279,77000,0.015940386991132982,0.01625416599563323,0.0089621490042191,0.007752660007099621
280,78000,0.01569444600318093,0.016263003009953536,0.009995897999033332,0.007907341001555324
281,79000,0.06352280199644156,0.016474710006150417,0.009307035987148993,0.00777652500255499
282,80000,0.016047529003117234,0.01663755500339903,0.009070803003851324,0.007992661005118862
283,81000,0.016082493995781988,0.016539931995794177,0.00921246899815742,0.007885981001891196
284,82000,0.016017681991797872,0.016901338996831328,0.00919527601217851,0.007918281000456773
285,83000,0.01621485200303141,0.01698054799635429,0.00960760899761226,0.008192043998860754
286,84000,0.01626114900864195,0.06642188900150359,0.009499437001068145,0.008034548998693936
287,85000,0.01606754599197302,0.016997300001094118,0.009571461996529251,0.00809077499434352
288,86000,0.01636768899334129,0.01695878800819628,0.009711484002764337,0.008342526998603716
289,87000,0.06710513999860268,0.01696190300572198,0.009492734010564163,0.008291710997582413
290,88000,0.018007464008405805,0.017392902009305544,0.00951714999973774,0.008302001006086357
291,89000,0.01631674300006125,0.01714290199743118,0.009671199004515074,0.008250995990238152
292,90000,0.016374641985748895,0.017410754997399636,0.01003334901179187,0.008332098004757427
293,91000,0.016708808005205356,0.017623553998419084,0.009958077003830113,0.00838376401225105
294,92000,0.016855713998666033,0.017601323008420877,0.027010699996026233,0.00843614200130105
295,93000,0.01682031799282413,0.01760522999393288,0.009966703000827692,0.008630957992863841
296,94000,0.0169300030102022,0.01757321899640374,0.009879849996650591,0.008507816994097084
297,95000,0.016821879995404743,0.017690640001092106,0.01030216200160794,0.008748487991397269
298,96000,0.017301439991570078,0.01839163499244023,0.010223584991763346,0.008641317006549798
299,97000,0.016860453004483134,0.017883881999296136,0.01022535799711477,0.008640776999527588
300,98000,0.017001097003230825,0.017896425997605547,0.010321779001969844,0.008740963996388018
301,99000,0.017250042990781367,0.01806832800502889,0.010431554997921921,0.008838918001856655
302,100000,0.017213244005688466,0.0182300520100398,0.01045253500342369,0.008957871003076434
303,0,0.005303608006215654,0.005214449993218295,0.0009424680029042065,0.0008698220044607297
304,1000,0.006735101997037418,0.006737756993970834,0.001874426001450047,0.0017946260049939156
305,2000,0.007100958988303319,0.0070656220050295815,0.0020131659985054284,0.0018774009949993342
306,3000,0.007296746000065468,0.007112339997547679,0.0020579799893312156,0.0019138190109515563
307,4000,0.007586248000734486,0.007331300992518663,0.0021733160101575777,0.0020134069927735254
308,5000,0.007715380997979082,0.007542607010691427,0.002419398006168194,0.0020378819899633527
309,6000,0.007740256987744942,0.007618509000167251,0.002511579994461499,0.0021113900002092123
310,7000,0.00817897000524681,0.007792956006596796,0.0027676910103764385,0.0022285800077952445
311,8000,0.008146157997543924,0.008313562997500412,0.0027991900133201852,0.0022252640046644956
312,9000,0.008496736001688987,0.008316428007674403,0.003033249988220632,0.002500670001609251
313,10000,0.00852350601053331,0.008320064007421024,0.0030655400041723624,0.002646444001584314
314,11000,0.00872714800061658,0.008835401997203007,0.0032196779939113185,0.002634030010085553
315,12000,0.009070101004908793,0.008873852988472208,0.0034344410087214783,0.002815721003571525
316,13000,0.009183153990306892,0.009235382007318549,0.003390129000763409,0.002980520002893172
317,14000,0.009403917996678501,0.009172052989015356,0.0036148000071989372,0.0032286659989040345
318,15000,0.00963399899774231,0.009646652993978932,0.003855421004118398,0.0032871150033315644
319,16000,0.009569157002260908,0.009671879990492016,0.0037930840044282377,0.003280844000983052
320,17000,0.010098710990860127,0.009843272011494264,0.004117632997804321,0.003837887998088263
321,18000,0.010431285001686774,0.009933351000654511,0.004004039990832098,0.0035554889909690246
322,19000,0.010134148003999144,0.01021624100394547,0.004128742992179468,0.0035707570059457794
323,20000,0.010378576000221074,0.010251838000840507,0.004348466012743302,0.0037621960073010996
324,21000,0.01066112499393057,0.010615029008476995,0.004554793005809188,0.003910204002750106
325,22000,0.010483803009265102,0.011074761001509614,0.004449435000424273,0.0038987220032140613
326,23000,0.01076604200352449,0.011221156004467048,0.004562376998364925,0.0040620789950480685
327,24000,0.010613085993099958,0.011216607003007084,0.004660962003981695,0.004079029997228645
328,25000,0.011020419988199137,0.010948064009426162,0.005059890012489632,0.0043070279934909195
329,26000,0.01100413899985142,0.011005210995790549,0.005028430998208933,0.004415592004079372
330,27000,0.011237476006499492,0.011510017997352406,0.005130672987434082,0.004493768006796017
331,28000,0.011263335996773094,0.011439636000432074,0.005274943003314547,0.004618231003405526
332,29000,0.01134933700086549,0.0115156990068499,0.005433832004200667,0.004820702000870369
333,30000,0.011423695992561989,0.01195597399782855,0.005338952993042767,0.004675659001804888
334,31000,0.011785865004640073,0.012043467999319546,0.005577962001552805,0.004884541995124891
335,32000,0.011575349999475293,0.012200211989693344,0.005532566996407695,0.004826763004530221
336,33000,0.011952397995628417,0.012064177004504018,0.005792864991235547,0.004929975999402814
337,34000,0.01192898400768172,0.012409875998855568,0.005784608991234563,0.0050195149960927665
338,35000,0.011913624999579042,0.012607957993168384,0.005923789998632856,0.005149728007381782
339,36000,0.012429802998667583,0.012668340001255274,0.006018537998897955,0.005223216998274438
340,37000,0.012537023998447694,0.012867914003436454,0.006005784001899883,0.0052155320008751005
341,38000,0.012592839004355483,0.012537654998595826,0.0064248999988194555,0.005301052005961537
342,39000,0.012351405996014364,0.013472569000441581,0.00621703099750448,0.005601555996690877
343,40000,0.012481739991926588,0.0129645260021789,0.006212000997038558,0.0053830370015930384
344,41000,0.012466982996556908,0.01322983400314115,0.006484743003966287,0.0054603309981757775
345,42000,0.012834091990953311,0.012832417996833101,0.006471768996561877,0.005619710005703382
346,43000,0.012981758001842536,0.013207661992055364,0.0065158310026163235,0.005702715992811136
347,44000,0.01391414699901361,0.013288513000588864,0.006553211002028547,0.005637042995658703
348,45000,0.01302464900072664,0.013659068004926667,0.006620747997658327,0.005794277996756136
349,46000,0.013252967008156702,0.013431551997200586,0.007028772990452126,0.005954398002359085
350,47000,0.013166714998078533,0.013726484990911558,0.00678493500163313,0.005992770005832426
351,48000,0.01345448500069324,0.013765548006631434,0.006974631003686227,0.006112785005825572
352,49000,0.0135785469901748,0.05060700699687004,0.006972107003093697,0.006098527999711223
353,50000,0.013581082996097393,0.01397084399650339,0.007172964003984816,0.006111872993642464
354,51000,0.013718210000661202,0.013860996987204999,0.007413995001115836,0.0061275429907254875
355,52000,0.05160197299846914,0.014047967997612432,0.007088985992595553,0.006393670992110856
356,53000,0.013954523004940711,0.01412764799897559,0.007219610997708514,0.006247818004339933
357,54000,0.013565191999077797,0.014416499005164951,0.0074469170067459345,0.006653910008026287
358,55000,0.014049010002054274,0.014334605992189609,0.007428533004713245,0.0063674720004200935
359,56000,0.017924518993822858,0.016141685002367012,0.007518261001678184,0.0066104779980378225
360,57000,0.05838263100304175,0.014554027002304792,0.00760864099720493,0.006571464997250587
361,58000,0.014142334999633022,0.014827901002718136,0.007642404001671821,0.006617991995881312
362,59000,0.014058807995752431,0.014964998001232743,0.007882423989940435,0.0067042449954897165
363,60000,0.014411178999580443,0.014947275005397387,0.00792755899601616,0.0067571130057331175
364,61000,0.014357829000800848,0.015002097992692143,0.007891400004155003,0.006761712007573806
365,62000,0.014615832988056354,0.015028958005132154,0.008119228994473815,0.006850238001788966
366,63000,0.014626873991801403,0.015372723006294109,0.007999934008694254,0.006896605002111755
367,64000,0.014434523007366806,0.015063874001498334,0.008063052999204956,0.006921131003764458
368,65000,0.014780962999793701,0.015086446001078002,0.00814677999005653,0.006904018999193795
369,66000,0.014453158000833355,0.059527517994865775,0.008227690996136516,0.00708546899841167
370,67000,0.015016072997241281,0.015396086004329845,0.008361743006389588,0.007090979997883551
371,68000,0.01486881700111553,0.015414850990055129,0.008267084995168261,0.007124402996851131
372,69000,0.01513970599626191,0.01573761699546594,0.008668267997563817,0.007224038999993354
373,70000,0.015351573005318642,0.015899249992799014,0.008458144002361223,0.007342060009250417
374,71000,0.059856495005078614,0.015493209008127451,0.008595200997660868,0.007314057991607115
375,72000,0.01563883099879604,0.016065130999777466,0.008599939988926053,0.007325198996113613
376,73000,0.015138664006371982,0.01609148101124447,0.008826074001262896,0.007585767991258763
377,74000,0.0155937279923819,0.06254774300032295,0.008802700001979247,0.007794178003678098
378,75000,0.015336404991103336,0.016174657008377835,0.008856521002599038,0.00751589699939359
379,76000,0.015613273993949406,0.016214171002502553,0.009100387993385084,0.007674845008295961
380,77000,0.015602312996634282,0.01680487899284344,0.008903859998099506,0.007702306000282988
381,78000,0.01568009000038728,0.016446727007860318,0.009031399007653818,0.007738795000477694
382,79000,0.01580809900769964,0.016397806000895798,0.009161102992948145,0.007811321003828198
383,80000,0.016244486992945895,0.016745667991926894,0.009175989995128475,0.007799708997481503
384,81000,0.015927332991850562,0.016456636003567837,0.009254566990421154,0.007891311004641466
385,82000,0.01604932099871803,0.016978835003101267,0.00923847800004296,0.007950212006107904
386,83000,0.0162223660008749,0.016911608996451832,0.009435857995413244,0.007981208997080103
387,84000,0.06653261699830182,0.017037534998962656,0.009776916995178908,0.008029939999687485
388,85000,0.016279803996440023,0.016871993997483514,0.00940370699390769,0.008074965007835999
389,86000,0.01632041999255307,0.017072671005735174,0.009739296991028823,0.008531931991456077
390,87000,0.01618493600108195,0.01712904700252693,0.0095421269943472,0.008126792003167793
391,88000,0.016640721005387604,0.017248942007427104,0.009587221997207962,0.008220867995987646
392,89000,0.0163045100052841,0.017289376992266625,0.009755456994753331,0.008435812007519417
393,90000,0.016831469009048305,0.01755881200369913,0.009706976008601487,0.008335272999829613
394,91000,0.0166891319968272,0.01757052500033751,0.010100865009007975,0.008412577997660264
395,92000,0.016636622996884398,0.01750097500917036,0.02723391899780836,0.008483711993903853
396,93000,0.017049588001100346,0.017757905996404588,0.01001442299457267,0.008560336005757563
397,94000,0.016831718996400014,0.018532870002673008,0.010054889004095457,0.008510602012393065
398,95000,0.016703978995792568,0.017894180986331776,0.010273388994392008,0.008628433992271312
399,96000,0.017272295997827314,0.01786397500836756,0.010034269987954758,0.00868134299525991
400,97000,0.017105542996432632,0.017988268009503372,0.010401599007309414,0.008669018992804922
401,98000,0.017066188011085615,0.017931331996805966,0.010600551991956308,0.008815625013085082
402,99000,0.017235517007065937,0.018047981007839553,0.010553724001511,0.009031039007822983
403,100000,0.017050859998562373,0.018230332003440708,0.010662608008715324,0.009117401001276448
404,0,0.005156250990694389,0.005191646996536292,0.0008795100002316758,0.000815630002762191
405,1000,0.006886144998134114,0.006724602004396729,0.0019094710005447268,0.0018602589989313856
406,2000,0.007106749995728023,0.0069552650093100965,0.0019828090007649735,0.0018709589930949733
407,3000,0.007377207002718933,0.00717146998795215,0.0021091859962325543,0.0019468109967419878
408,4000,0.007344525001826696,0.007363921991782263,0.002234089988633059,0.0019540649955160916
409,5000,0.007676647990592755,0.007440204004524276,0.002462649004883133,0.00200405900250189
410,6000,0.007791714000632055,0.007397635010420345,0.0024628389946883544,0.0020456060010474175
411,7000,0.008031183009734377,0.007567012988147326,0.0026471750024938956,0.002168827995774336
412,8000,0.008095092998701148,0.007921306998468935,0.002831471007084474,0.0023291179968509823
413,9000,0.008482980992994271,0.007870691988500766,0.0029138359968783334,0.0023761759948683903
414,10000,0.008869294993928634,0.00865518300270196,0.003108509990852326,0.002614864002680406
415,11000,0.008916492995922454,0.009355646994663402,0.0032998999959090725,0.0026073109911521897
416,12000,0.009107230987865478,0.00859140399552416,0.0033643299975665286,0.002737103000981733
417,13000,0.009119463997194543,0.008801246993243694,0.003370150996488519,0.0028841599996667355
418,14000,0.00935516601020936,0.009257522993721068,0.003555939008947462,0.0031318739929702133
419,15000,0.009383109005284496,0.009143780000158586,0.0036692919966299087,0.0031920570036163554
420,16000,0.009678201997303404,0.009603491998859681,0.0038239619898376986,0.00330233400745783
421,17000,0.010417026991490275,0.00997773400740698,0.004011744007584639,0.0035039819922531024
422,18000,0.010404574990388937,0.009951104002539068,0.004125467996345833,0.0034936020092573017
423,19000,0.009967634992790408,0.01016142799926456,0.004112273003556766,0.003541343001415953
424,20000,0.010380088002420962,0.010277245994075201,0.004220995993819088,0.0037012109969509766
425,21000,0.010638482999638654,0.010384987996076234,0.004334879995440133,0.0038373970019165426
426,22000,0.010542642994550988,0.011033765011234209,0.004462620010599494,0.004016453007352538
427,23000,0.010737628996139392,0.010629737007548101,0.004630524999811314,0.004005372000392526
428,24000,0.011123051997856237,0.011159901012433693,0.004721626013633795,0.004158550000283867
429,25000,0.011025418993085623,0.01104230000055395,0.004983186008757912,0.004266231000656262
430,26000,0.011069892003433779,0.011131396997370757,0.005057054993812926,0.004389804002130404
431,27000,0.011233999990508892,0.011543140004505403,0.0051353820017538965,0.004543361006653868
432,28000,0.01128561700170394,0.011396606001653709,0.005255276002571918,0.0046091149997664616
433,29000,0.01155370999185834,0.011491352997836657,0.005335305992048234,0.00465610199898947
434,30000,0.011460075009381399,0.01209737898898311,0.005482533000758849,0.004722256999230012
435,31000,0.011622008008998819,0.01184906299749855,0.0056432140117976815,0.004826751988730393
436,32000,0.011737875000108033,0.012289549995330162,0.005617866991087794,0.004887236005743034
437,33000,0.012014433988952078,0.011977695001405664,0.0056448270042892545,0.004940286002238281
438,34000,0.01186469299136661,0.012625108996871859,0.005755684993346222,0.004982806000043638
439,35000,0.01207333400088828,0.012595063002663665,0.006046130001777783,0.0051446500001475215
440,36000,0.012383395995129831,0.012389117007842287,0.005998381006065756,0.005179223997402005
441,37000,0.012441946004400961,0.012606493997736834,0.006048113995348103,0.005210251998505555
442,38000,0.012722642000881024,0.012880417998530902,0.006248168996535242,0.005370523009332828
443,39000,0.012394296994898468,0.013003077998291701,0.006292160993325524,0.005392874998506159
444,40000,0.01294050099386368,0.013131418992998078,0.006336975988233462,0.005521095998119563
445,41000,0.012618656997801736,0.013069622989860363,0.006236788001842797,0.005508091009687632
446,42000,0.01316430100996513,0.013307979999808595,0.0063736340089235455,0.005637955007841811
447,43000,0.012820777003071271,0.013503035996109247,0.006487827995442785,0.005668432000675239
448,44000,0.013226816998212598,0.013311036003869958,0.00659833601093851,0.005689020006684586
449,45000,0.013359366988879628,0.013441029994282871,0.006653358999756165,0.005809916998259723
450,46000,0.013443935007671826,0.013415932000498287,0.006786568003008142,0.005790570008684881
451,47000,0.013567146001150832,0.01373153500026092,0.00677017800626345,0.005808915011584759
452,48000,0.013190439000027254,0.013908596010878682,0.006977887998800725,0.006213353990460746
453,49000,0.013305524989846162,0.05188637699757237,0.006936700010555796,0.006070756004191935
454,50000,0.01347032499324996,0.014292146006482653,0.006926811998710036,0.006095802993513644
455,51000,0.013650391992996447,0.01403854000091087,0.007099284994183108,0.006178948999149725
456,52000,0.013713339998503216,0.05283468498964794,0.007229840004583821,0.006237788998987526
457,53000,0.014175907999742776,0.01427183800842613,0.007308557003852911,0.006235755994566716
458,54000,0.014103541994700208,0.014359031993080862,0.007362999996985309,0.006384174004779197
459,55000,0.014167732995701954,0.014431317002163269,0.007385140997939743,0.0064287269924534485
460,56000,0.014204161008819938,0.014531804990838282,0.007385703007457778,0.0064847930043470114
461,57000,0.014044161012861878,0.055871731994557194,0.0075728529918706045,0.006612882003537379
462,58000,0.01445130399952177,0.014725618995726109,0.007634268011315726,0.006643381013418548
463,59000,0.014419154002098367,0.014782817001105286,0.007624139005201869,0.006752343993866816
464,60000,0.014579855996998958,0.015881476996582933,0.008064725989243016,0.0068584330001613125
465,61000,0.014674071993795224,0.015153391010244377,0.007833591997041367,0.006793280990677886
466,62000,0.014792464004131034,0.014982520995545201,0.0078961199906189,0.006887839001137763
467,63000,0.014483434992143884,0.015261954002198763,0.008053995989030227,0.0068807350035058334
468,64000,0.014895788001012988,0.015331135000451468,0.008040750995860435,0.006927022011950612
469,65000,0.015467930992599577,0.015616750009940006,0.008163682010490447,0.006990410998696461
470,66000,0.014749983994988725,0.060592074994929135,0.008248580998042598,0.007078487004037015
471,67000,0.014811248998739757,0.015260651998687536,0.008213095003156923,0.007151402998715639
472,68000,0.015143693002755754,0.01566185500996653,0.008251396007835865,0.0071187010034918785
473,69000,0.015230215998599306,0.015644080995116383,0.00848019499971997,0.007230450995848514
474,70000,0.015216428990243003,0.015743647993076593,0.00846994599851314,0.0073310700099682435
475,71000,0.01610060800157953,0.062412580009549856,0.008569582991185598,0.007398597008432262
476,72000,0.015260411993949674,0.01586701899941545,0.008637841005111113,0.007414537001750432
477,73000,0.015629894987796433,0.016159168008016422,0.008848135999869555,0.007664334989385679
478,74000,0.015622289996827021,0.06350341500365175,0.00899314699927345,0.00824949299567379
479,75000,0.016296514993882738,0.0161926900036633,0.00892203398689162,0.007670035003684461
480,76000,0.015401657001348212,0.016295794004690833,0.008848975994624197,0.007626312988577411
481,77000,0.015732979009044357,0.01638545199239161,0.00895650799793657,0.007700613001361489
482,78000,0.016256650997092947,0.01721995699335821,0.009014127004775219,0.0077340860007097945
483,79000,0.01696811500005424,0.01659728000231553,0.009122710005613044,0.007800719991791993
484,80000,0.016407683986471966,0.018687629999476485,0.009024575992953032,0.007975918997544795
485,81000,0.017211601007147692,0.016616985987639055,0.009232345008058473,0.007849892994272523
486,82000,0.016699500993127003,0.017305838002357632,0.009213149998686276,0.007823513995390385
487,83000,0.016283450997434556,0.017007840011501685,0.009463398993830197,0.007998542001587339
488,84000,0.06771673700131942,0.017094612994696945,0.00957709200156387,0.008477009992930107
489,85000,0.016358280990971252,0.016998842998873442,0.00972120299411472,0.008600661007221788
490,86000,0.016507541004102677,0.017212873994139954,0.009453370003029704,0.00812878600845579
491,87000,0.0682860059896484,0.017266584996832535,0.009541747000184841,0.008269590995041654
492,88000,0.01645002400618978,0.01748680700256955,0.010293845989508554,0.00846373500826303
493,89000,0.01687291599228047,0.01735102300881408,0.009724418996484019,0.008254351996583864
494,90000,0.016904144998989068,0.01768323700525798,0.009784612004295923,0.008426414002315141
495,91000,0.07068422299926169,0.01765782899747137,0.009755336999660358,0.008476338000036776
496,92000,0.016864901001099497,0.017731265994370915,0.02760657800536137,0.008800997005891986
497,93000,0.016839943986269645,0.017805184004828334,0.010028168995631859,0.008475606999127194
498,94000,0.01708147700992413,0.017957610994926654,0.010079485000460409,0.00868895699386485
499,95000,0.017024320986820385,0.0179396470048232,0.009918742987792939,0.008564172996557318
500,96000,0.016988253002637066,0.018014688001130708,0.010188970001763664,0.009482765992288478
501,97000,0.017907296001794748,0.018093635997502133,0.010179812990827486,0.008623052999610081
502,98000,0.017666343992459588,0.018190196991781704,0.01046682198648341,0.008800244992016815
503,99000,0.07521608400566038,0.01838002300064545,0.010382722990470938,0.00877261400455609
504,100000,0.017643642000621185,0.0765403370023705,0.010375850994023494,0.008774457004619762
